with x as (select 1,2) select * from x union select * from x;
1	2
1	2
WITH cte AS ( SELECT 1 AS col1, 2 AS col2 UNION ALL SELECT 3, 4 ) SELECT col1, col2 FROM cte;
col1	col2
1	2
3	4
drop database if exists test2_db1;
drop database if exists test2_db2;
create database test2_db1;
create database test2_db2;
create table test2_db1.t1(c1 int);
create table test2_db2.t1(c1 int);
create view test2_db1.v1 as select * from test2_db1.t1;
create view test2_db2.v1 as select * from test2_db2.t1;
drop view test2_db1.v1, test2_db2.v1;
drop database if exists test2_db1;
drop database if exists test2_db2;
drop database if exists test2_db1;
drop database if exists user;
create database test2_db1;
create database user;
create table test2_db1.music(c1 int, c2 int);
create table user.music(c1 int, c2 int);
drop table test2_db1.music, user.music;
drop database if exists test2_db1;
drop database if exists user;
drop database if exists test2_db1;
drop database if exists test2_user;
create database test2_db1;
create database test2_user;
create table test2_db1.music(c1 int, c2 int);
create view test2_user.view_a as select sql_calc_found_rows * from test2_db1.music limit 100;
select * from test2_user.view_a;
c1	c2
drop database if exists test2_db1;
create database test2_db1;
create table test2_db1.user(id int, col int);
insert into test2_db1.user values(1, 1);
use test2_db1;
(select sql_calc_found_rows id from user where id = 1 limit 1) union select id from user where id = 1;
id
1
